{
    "loss": 0.54598069190979,
    "accuracy": 0.843137264251709
}